ProductCategoryID,ProductCategoryName,TotalProductsSold,TotalRevenue
1,Bikes,40031,95145813.3519
2,Components,18698,11807808.0245
3,Clothing,21394,2141507.0245000003
4,Accessories,41194,1278760.9124999999
